State,Park ,Recreation Visitors,Percent Change,ConcessionerLodgingOvernights,ConcessionerLodgingOvernightsPercentChange,ConcessionerCampingOvernights,ConcessionerCampingOvernightsPercentChange,TentOvernights,TentOvernightPercentChange,RecreationVehicleOvernights,RecreationVehicleOvernightsPercentChange,BackcountryOvernights,BackcountryOvernightsPercentChange
Alabama,Horseshoe Bend NMP,"28,600",-36.97%,0,,0,,0,,0,,0,
Alabama,Little River Canyon NPRES,"802,375",23.44%,0,,0,,0,,0,,0,
Alabama,Natchez Trace PKWY,"428,736",-2.72%,0,,0,,0,,0,,0,
Alabama,Russell Cave NM,"8,462",-49.15%,0,,0,,0,,0,,0,
Alabama,Tuskegee Airmen NHS,"6,843",-77.26%,0,,0,,0,,0,,0,
Alabama,Tuskegee Institute NHS,"4,737",-86.98%,0,,0,,0,,0,,0,
Alaska,Aniakchak NM & PRES,36,-64.00%,0,,0,,0,,0,,211,-8.26%
Alaska,Bering Land Bridge NPRES,"2,642",0.00%,0,,0,,0,,0,,"1,123",0.00%
Alaska,Cape Krusenstern NM,"11,369",-29.93%,0,,0,,0,,0,,"4,703",-26.80%
Alaska,Denali NP & PRES,"54,850",-90.88%,0,,"12,831",-51.36%,0,,0,,"5,332",-79.66%
Alaska,Gates of the Arctic NP & PRES,"2,872",-72.69%,0,,0,,0,,0,,"1,086",-73.24%
Alaska,Glacier Bay NP & PRES,"5,748",-99.14%,0,-100.00%,0,,94,-87.37%,0,,989,-76.51%
Alaska,Katmai NP & PRES,"51,511",-38.80%,654,-84.68%,0,,0,-100.00%,0,,"20,298",4331.88%
Alaska,Kenai Fjords NP,"115,882",-67.50%,0,,0,,0,-100.00%,0,,122,-78.45%
Alaska,Klondike Gold Rush NHP Alaska,297,-99.97%,0,,0,,0,-100.00%,0,,65,-98.88%
Alaska,Kobuk Valley NP,"11,185",-29.06%,0,,0,,0,,0,,"4,888",-30.67%
Alaska,Lake Clark NP & PRES,"4,948",-71.16%,0,,0,,0,,0,,"3,048",344.31%
Alaska,Noatak NPRES,"12,533",-27.20%,0,,0,,0,,0,,"3,571",-36.80%
Alaska,Sitka NHP,"115,494",-50.41%,0,,0,,0,,0,,0,
Alaska,Wrangell-St. Elias NP & PRES,"16,655",-77.65%,0,,0,,0,,0,,0,
Alaska,Yukon-Charley Rivers NPRES,666,-40.22%,0,,0,,0,,0,,"1,829",-3.64%
American Samoa,National Park of American Samoa,"4,819",-91.97%,0,,0,,0,,0,,0,
Arizona,Canyon de Chelly NM,"76,752",-83.34%,"4,627",-70.88%,"1,125",-92.21%,0,,0,,190,-76.54%
Arizona,Casa Grande Ruins NM,"44,269",-35.26%,0,,0,,0,,0,,0,
Arizona,Chiricahua NM,"44,794",-26.15%,0,,0,,"5,162",-27.87%,"3,820",-26.97%,0,
Arizona,Coronado NMEM,"156,199",19.85%,0,,0,,0,,0,,0,
Arizona,Fort Bowie NHS,"6,456",-14.79%,0,,0,,0,,0,,0,
Arizona,Glen Canyon NRA,"357,804",-57.46%,"18,820",-68.18%,"42,652",-33.86%,"1,946",-82.54%,"1,554",-55.42%,0,
Arizona,Grand Canyon NP,"2,897,098",-51.51%,"218,922",-61.99%,"31,276",-34.02%,"17,331",-85.58%,"6,338",-90.03%,"177,589",-44.51%
Arizona,Hubbell Trading Post NHS,"11,407",-77.32%,0,,0,,0,,0,,0,
Arizona,Lake Mead NRA,"2,004,127",6.90%,"11,578",273.97%,"92,260",383.47%,"1,421",-96.89%,"1,809",-96.89%,"26,190",-72.93%
Arizona,Montezuma Castle NM,"242,028",-35.67%,0,,0,,0,,0,,0,
Arizona,Navajo NM,"3,985",-92.03%,0,,0,,129,-94.58%,172,-92.36%,0,-100.00%
Arizona,Organ Pipe Cactus NM,"191,512",-27.23%,0,,0,,"5,040",-27.17%,"27,790",11.28%,145,-47.65%
Arizona,Petrified Forest NP,"384,483",-40.26%,0,,0,,0,,0,,209,-85.60%
Arizona,Pipe Spring NM,"10,623",-61.35%,0,,0,,0,,0,,0,
Arizona,Saguaro NP,"762,226",-25.29%,0,,0,,0,,0,,"3,461",58.40%
Arizona,Sunset Crater Volcano NM,"83,669",-22.80%,0,,0,,0,,0,,0,
Arizona,Tonto NM,"24,756",-14.20%,0,,0,,0,,0,,0,
Arizona,Tumacacori NHP,"23,726",-40.24%,0,,0,,0,,0,,0,
Arizona,Tuzigoot NM,"78,358",-20.48%,0,,0,,0,,0,,0,
Arizona,Walnut Canyon NM,"107,422",-29.48%,0,,0,,0,,0,,0,
Arizona,Wupatki NM,"146,074",-21.91%,0,,0,,0,,0,,0,-100.00%
Arkansas,Arkansas Post NMEM,"29,653",3.98%,0,,0,,0,,0,,0,
Arkansas,Buffalo NR,"1,478,846",11.50%,"3,133",11.06%,0,,"45,764",23.67%,"25,235",139.60%,"12,291",-39.65%
Arkansas,Fort Smith NHS,"67,574",-46.16%,0,,0,,0,,0,,0,
Arkansas,Hot Springs NP,"1,348,215",-8.11%,0,,0,,"3,190",119.24%,"27,217",12.23%,0,
Arkansas,Little Rock Central High School NHS,"68,497",-59.45%,0,,0,,0,,0,,0,
Arkansas,Pea Ridge NMP,"80,455",-21.70%,0,,0,,0,,0,,0,
Arkansas,President W.J. Clinton Birthplace Home NHS,"4,055",-53.70%,0,,0,,0,,0,,0,
California,Cabrillo NM,"523,878",-31.20%,0,,0,,0,,0,,0,
California,Cesar E. Chavez NM,"5,668",-65.63%,0,,0,,0,,0,,0,
California,Channel Islands NP,"167,290",-59.16%,0,,0,,0,,0,,"9,264",-60.43%
California,Death Valley NP,"809,191",-53.52%,"7,753",-72.07%,"1,890",-56.65%,"68,417",-8.18%,"78,746",-19.30%,"1,674",-12.58%
California,Devils Postpile NM,"108,590",-26.56%,0,,0,,0,,0,,0,
California,Eugene O'Neill NHS,"14,423",389.91%,0,,0,,0,,0,,0,
California,Fort Point NHS,"884,538",-37.77%,0,,0,,0,,0,,0,
California,Golden Gate NRA,"12,400,045",-17.35%,"6,774",-85.53%,0,,"1,502",-55.73%,0,,303,-58.49%
California,John Muir NHS,"33,603",-17.49%,0,,0,,0,,0,,0,
California,Joshua Tree NP,"2,399,542",-19.71%,0,,0,,"179,600",-22.69%,"54,393",-30.44%,"8,915",-50.97%
California,Kings Canyon NP,"415,077",-34.33%,"11,461",-79.93%,0,,"17,846",-82.78%,"4,328",-86.72%,"10,831",-30.79%
California,Lassen Volcanic NP,"542,274",4.88%,"3,914",-28.67%,"2,046",-5.01%,"70,239",23.54%,"32,754",9.49%,"5,187",-22.41%
California,Lava Beds NM,"111,258",1.48%,0,,0,,"2,724",-64.34%,"1,661",-53.53%,17,-37.04%
California,Manzanar NHS,"65,289",-32.95%,0,,0,,0,,0,,0,
California,Mojave NPRES,"608,633",-27.67%,0,,0,,458,316.36%,575,379.17%,0,
California,Muir Woods NM,"324,232",-60.07%,0,,0,,0,,0,,0,
California,Pinnacles NP,"165,740",-6.48%,0,,"26,118",,0,,0,,0,
California,Point Reyes NS,"2,252,424",-0.57%,"1,798",-80.68%,36,50.00%,0,,0,,"22,998",-38.10%
California,Port Chicago Naval Magazine NMEM,70,-91.57%,0,,0,,0,,0,,0,
California,Redwood NP,"265,177",-47.46%,0,,0,,"1,706",-37.30%,0,,"4,931",50.52%
California,Rosie The Riveter WWII Home Front NHP,"9,528",-81.10%,0,,0,,0,,0,,0,
California,San Francisco Maritime NHP,"1,936,101",-51.80%,0,,0,,0,,0,,0,
California,Santa Monica Mountains NRA,"733,576",3.68%,0,,0,,0,,0,,0,-100.00%
California,Sequoia NP,"796,086",-36.11%,"29,222",-58.02%,0,,"25,333",-80.97%,"18,005",-73.78%,"20,943",-29.89%
California,Whiskeytown NRA,"805,295",17.19%,0,,"10,324",47.91%,872,27.86%,667,30.02%,0,
California,Yosemite NP,"2,268,313",-48.71%,"252,374",-63.01%,0,,"68,002",-85.52%,"44,496",-79.01%,"143,760",-7.60%
Colorado,Bent's Old Fort NHS,"12,438",-42.61%,0,,0,,0,,0,,0,
Colorado,Black Canyon of the Gunnison NP,"341,620",-21.07%,0,,0,,"18,768",5.46%,"10,979",-10.54%,"2,419",29.98%
Colorado,Colorado NM,"435,625",9.72%,0,,0,,"16,601",-3.25%,"11,349",-37.09%,175,-37.05%
Colorado,Curecanti NRA,"921,584",10.23%,0,,0,,"21,748",5.53%,"45,496",6.83%,235,-35.62%
Colorado,Dinosaur NM,"195,466",-11.65%,0,,0,,"5,319",-15.29%,"1,613",70.33%,"14,705",-34.50%
Colorado,Florissant Fossil Beds NM,"61,081",-21.02%,0,,0,,0,,0,,0,
Colorado,Great Sand Dunes NP & PRES,"461,532",-12.51%,0,,0,,"21,783",-25.85%,"12,925",-40.89%,"4,910",-0.47%
Colorado,Hovenweep NM,"8,736",-43.92%,0,,0,,0,,0,,0,
Colorado,Mesa Verde NP,"287,477",-48.31%,"5,724",-73.36%,0,,"12,660",-62.34%,"13,809",-47.11%,0,
Colorado,Rocky Mountain NP,"3,305,199",-29.23%,0,,0,,"31,350",-72.21%,"37,017",-42.88%,"41,522",0.75%
Colorado,Sand Creek Massacre NHS,"4,215",-26.07%,0,,0,,0,,0,,0,
Connecticut,Weir Farm NHS,"25,430",-34.29%,0,,0,,0,,0,,0,
District of Columbia,Belmont-Paul Women's Equality NM,"2,535",-74.43%,0,,0,,0,,0,,0,
District of Columbia,Carter G. Woodson Home NHS,548,-76.98%,0,,0,,0,,0,,0,
District of Columbia,Chesapeake & Ohio Canal NHP,"1,173,224",-4.46%,0,,0,,0,,0,,0,
District of Columbia,Dwight D. Eisenhower MEM,"187,328",,0,,0,,0,,0,,0,
District of Columbia,Ford's Theatre NHS,"56,058",-90.21%,0,,0,,0,,0,,0,
District of Columbia,Franklin Delano Roosevelt MEM,"1,010,986",-69.40%,0,,0,,0,,0,,0,
District of Columbia,Frederick Douglass NHS,"10,969",-82.04%,0,,0,,0,,0,,0,
District of Columbia,Korean War Veterans Memorial,"1,363,714",-64.50%,0,,0,,0,,0,,0,
District of Columbia,Lincoln Memorial,"2,980,075",-61.83%,0,,0,,0,,0,,0,
District of Columbia,"Martin Luther King, Jr. Memorial","1,083,671",-70.45%,0,,0,,0,,0,,0,
District of Columbia,Mary McLeod Bethune Council House NHS,578,-84.74%,0,,0,,0,,0,,0,
District of Columbia,National Capital Parks Central,"665,650",-62.41%,0,,0,,0,,0,,0,
District of Columbia,National Capital Parks East,"804,080",-26.20%,0,,0,,0,,0,,0,
District of Columbia,Pennsylvania Avenue NHS,"15,898",-87.29%,0,,0,,0,,0,,0,
District of Columbia,President's Park,"369,533",-48.38%,0,,0,,0,,0,,0,
District of Columbia,Rock Creek Park,"1,768,152",-26.82%,0,,0,,0,,0,,0,
District of Columbia,Thomas Jefferson MEM,"852,626",-72.47%,0,,0,,0,,0,,0,
District of Columbia,Vietnam Veterans MEM,"1,585,525",-65.39%,0,,0,,0,,0,,0,
District of Columbia,Washington Monument,"83,585",-22.90%,0,,0,,0,,0,,0,
District of Columbia,White House,"114,519",-74.78%,0,,0,,0,,0,,0,
District of Columbia,World War II Memorial,"1,924,128",-60.17%,0,,0,,0,,0,,0,
Florida,Big Cypress NPRES,"1,181,930",17.32%,0,,0,,"5,213",74.82%,"10,507",-7.83%,"4,821",19.75%
Florida,Biscayne NP,"402,770",-43.15%,0,,0,,145,-39.08%,0,,0,
Florida,Canaveral NS,"1,162,950",-38.28%,0,,0,,0,,0,,"2,720",10.88%
Florida,Castillo de San Marcos NM,"251,061",-62.72%,0,,0,,0,,0,,0,
Florida,De Soto NMEM,"196,114",4.38%,0,,0,,0,,0,,0,
Florida,Dry Tortugas NP,"48,543",-38.71%,0,,0,,"3,954",-41.73%,0,,0,
Florida,Everglades NP,"702,319",-37.20%,0,,"49,078",82.44%,0,,0,,"14,159",11.21%
Florida,Fort Caroline NMEM,"404,476",115.54%,0,,0,,0,,0,,0,
Florida,Fort Matanzas NM,"543,590",-8.45%,0,,0,,0,,0,,0,
Florida,Gulf Islands NS,"3,052,959",-30.04%,0,,0,,"4,818",-84.84%,"31,585",-73.47%,0,
Florida,Timucuan EHP,"1,017,373",-15.58%,0,,0,,0,,0,,0,
Georgia,Andersonville NHS,"63,799",-38.44%,0,,0,,0,,0,,0,
Georgia,Chattahoochee River NRA,"3,066,877",-9.62%,0,,0,,0,,0,,0,
Georgia,Chickamauga & Chattanooga NMP,"339,208",-30.57%,0,,0,,0,,0,,0,
Georgia,Cumberland Island NS,"37,295",-30.81%,0,,0,,"9,444",-55.42%,0,,"2,785",-38.04%
Georgia,Fort Frederica NM,"210,892",-0.68%,0,,0,,0,,0,,0,
Georgia,Fort Pulaski NM,"357,970",-4.36%,0,,0,,0,,0,,0,
Georgia,Jimmy Carter NHS,"14,267",-71.91%,0,,0,,0,,0,,0,
Georgia,Kennesaw Mountain NBP,"2,356,401",-10.10%,0,,0,,0,,0,,0,
Georgia,"Martin Luther King, Jr. NHP","198,158",-73.98%,0,,0,,0,,0,,0,
Georgia,Ocmulgee Mounds NHP,"61,303",-58.28%,0,,0,,0,,0,,0,
Guam,War in the Pacific NHP,"318,711",-26.26%,0,,0,,0,,0,,0,
Hawaii,Haleakala NP,"319,147",-67.91%,0,,0,,"2,400",-73.54%,0,,392,-75.74%
Hawaii,Hawaii Volcanoes NP,"589,775",-56.90%,"6,603",-71.97%,993,-77.98%,782,-28.32%,50,21.95%,"4,052",10.77%
Hawaii,Kalaupapa NHP,"15,847",-77.17%,0,,0,,0,,0,,0,
Hawaii,Kaloko Honokohau NHP,"133,877",-42.52%,0,,0,,0,,0,,0,
Hawaii,Pearl Harbor NMEM,"415,542",-75.79%,0,,0,,0,,0,,0,
Hawaii,Pu'uhonua o Honaunau NHP,"130,845",-68.43%,0,,0,,0,,0,,0,
Hawaii,Pu'ukohola Heiau NHS,"23,970",-82.05%,0,,0,,0,,0,,0,
Idaho,City of Rocks NRES,"110,203",10.97%,0,,0,,0,,0,,0,
Idaho,Craters of the Moon NM & PRES,"250,872",-7.84%,0,,0,,"5,481",-8.67%,"9,535",-1.49%,147,194.00%
Idaho,Hagerman Fossil Beds NM,"14,113",-40.62%,0,,0,,0,,0,,0,
Idaho,Minidoka NHS,"4,764",-24.08%,0,,0,,0,,0,,0,
Idaho,Nez Perce NHP,"301,473",39.53%,0,,0,,0,,0,,0,
Illinois,Lincoln Home NHS,"27,744",-85.97%,0,,0,,0,,0,,0,
Indiana,George Rogers Clark NHP,"56,108",-59.96%,0,,0,,0,,0,,0,
Indiana,Indiana Dunes NP,"2,293,106",7.44%,0,,0,,"18,572",13.83%,"4,765",-26.33%,0,
Indiana,Lincoln Boyhood NMEM,"110,692",-20.20%,0,,0,,0,,0,,0,
Iowa,Effigy Mounds NM,"18,225",-72.21%,0,,0,,0,,0,,0,
Iowa,Herbert Hoover NHS,"56,270",-55.23%,0,,0,,0,,0,,0,
Kansas,Brown v. Board of Education NHS,"4,064",-81.02%,0,,0,,0,,0,,0,
Kansas,Fort Larned NHS,"21,895",-18.78%,0,,0,,0,,0,,0,
Kansas,Fort Scott NHS,"14,652",-39.12%,0,,0,,0,,0,,0,
Kansas,Nicodemus NHS,262,-92.60%,0,,0,,0,,0,,0,
Kansas,Tallgrass Prairie NPRES,"29,009",-14.05%,0,,0,,0,,0,,0,
Kentucky,Abraham Lincoln Birthplace NHP,"228,141",-4.23%,0,,0,,0,,0,,0,
Kentucky,Big South Fork NRRA,"316,775",2.95%,0,-100.00%,0,,"3,383",422.07%,"8,534",-7.68%,"4,760",37.93%
Kentucky,Cumberland Gap NHP,"683,966",4.38%,0,,0,,"3,489",13.72%,"13,265",12.95%,"1,044",104.71%
Kentucky,Mammoth Cave NP,"290,392",-47.35%,"10,602",-62.48%,0,,"18,202",-50.40%,"7,078",-34.10%,"3,090",-2.89%
Louisiana,Cane River Creole NHP,"17,430",-41.75%,0,,0,,0,,0,,0,
Louisiana,Jean Lafitte NHP & PRES,"192,601",-67.37%,0,,0,,0,,0,,0,
Louisiana,New Orleans Jazz NHP,"9,640",-76.52%,0,,0,,0,,0,,0,
Maine,Acadia NP,"2,669,034",-22.35%,0,,307,-71.83%,0,-100.00%,0,-100.00%,0,-100.00%
Maine,Katahdin Woods and Waters NM,"41,432",,0,,0,,180,,0,,325,
Maine,Saint Croix Island IHS,"6,914",-40.46%,0,,0,,0,,0,,0,
Maryland,Antietam NB,"85,884",-70.11%,0,,0,,0,,0,,0,
Maryland,Assateague Island NS,"818,949",5.85%,0,,0,,"33,115",-22.35%,"16,252",-35.32%,69,-86.50%
Maryland,Catoctin Mountain Park,"539,983",81.91%,0,,0,,"2,666",-30.66%,186,-67.93%,286,-54.68%
Maryland,Chesapeake & Ohio Canal NHP,"3,715,211",-4.46%,0,,0,,"15,523",138.16%,"1,389",134.63%,0,
Maryland,Clara Barton NHS,450,-89.02%,0,,0,,0,,0,,0,
Maryland,Fort McHenry NM & HS,"163,224",-61.09%,0,,0,,0,,0,,0,
Maryland,Fort Washington Park,"160,289",-62.18%,0,,0,,0,,0,,0,
Maryland,Greenbelt Park,"28,319",-78.00%,0,,0,,0,-100.00%,0,-100.00%,0,
Maryland,Hampton NHS,"8,728",-69.09%,0,,0,,0,,0,,0,
Maryland,Monocacy NB,"155,116",7.00%,0,,0,,0,,0,,0,
Maryland,National Capital Parks East,"89,342",-26.20%,0,,0,,0,,0,,0,
Maryland,Piscataway Park,"166,484",-49.51%,0,,0,,0,,0,,0,
Maryland,Thomas Stone NHS,"2,351",-70.69%,0,,0,,0,,0,,0,
Massachusetts,Adams NHP,"6,937",-96.30%,0,,0,,0,,0,,0,
Massachusetts,Boston African American NHS,"89,616",-78.64%,0,,0,,0,,0,,0,
Massachusetts,Boston Harbor Islands NRA,"71,991",,0,,0,,0,,0,,0,
Massachusetts,Boston NHP,"277,170",-91.34%,0,,0,,0,,0,,0,
Massachusetts,Cape Cod NS,"4,083,505",-0.31%,0,-100.00%,0,,0,,0,,0,
Massachusetts,Frederick Law Olmsted NHS,"2,570",-67.01%,0,,0,,0,,0,,0,
Massachusetts,John F. Kennedy NHS,451,-98.18%,0,,0,,0,,0,,0,
Massachusetts,Longfellow House Washington's HQ NHS,"30,014",-45.44%,0,,0,,0,,0,,0,
Massachusetts,Lowell NHP,"53,954",-88.80%,0,,0,,0,,0,,0,
Massachusetts,Minute Man NHP,"1,083,973",6.55%,0,,0,,0,,0,,0,
Massachusetts,New Bedford Whaling NHP,"18,243",-87.28%,0,,0,,0,,0,,0,
Massachusetts,Salem Maritime NHS,"125,554",-62.99%,0,,0,,0,,0,,0,
Massachusetts,Saugus Iron Works NHS,"16,928",107.71%,0,,0,,0,,0,,0,
Massachusetts,Springfield Armory NHS,"1,032",-95.08%,0,,0,,0,,0,,0,
Michigan,Isle Royale NP,"6,493",-75.41%,0,-100.00%,0,-100.00%,"2,086",-57.45%,0,,"8,024",-70.17%
Michigan,Keweenaw NHP,"2,130",-89.63%,0,,0,,0,,0,,0,
Michigan,Pictured Rocks NL,"1,212,251",41.17%,0,,0,,"18,085",7.32%,"10,429",67.88%,"27,707",-1.68%
Michigan,River Raisin NBP,"309,977",36.94%,0,,0,,0,,0,,0,
Michigan,Sleeping Bear Dunes NL,"1,718,696",9.47%,0,,0,,"43,560",-26.47%,"42,612",-30.91%,"4,115",-78.66%
Minnesota,Grand Portage NM,"66,426",-30.07%,0,,0,,0,,0,,44,-22.81%
Minnesota,Mississippi NRRA,"204,707",-45.37%,0,,0,,0,,0,,0,
Minnesota,Pipestone NM,"38,229",-50.68%,0,,0,,0,,0,,0,
Minnesota,Saint Croix NSR,"399,310",25.12%,0,,0,,0,,0,,"43,684",28.18%
Minnesota,Voyageurs NP,"263,091",12.93%,"2,090",-43.92%,0,,0,,0,,"67,277",48.64%
Mississippi,Gulf Islands NS,"959,169",-22.42%,0,,0,,885,-73.67%,"9,585",-63.58%,0,
Mississippi,Natchez NHP,"57,646",-68.35%,0,,0,,0,,0,,0,
Mississippi,Natchez Trace PKWY,"4,899,845",-2.72%,0,,0,,"2,583",-24.41%,"4,092",-26.90%,0,
Mississippi,Vicksburg NMP,"176,236",-69.43%,0,,0,,0,,0,,0,
Missouri,Gateway Arch NP,"486,021",-76.35%,0,,0,,0,,0,,0,
Missouri,George Washington Carver NM,"26,569",-46.38%,0,,0,,0,,0,,0,
Missouri,Harry S Truman NHS,"9,446",-69.28%,0,,0,,0,,0,,0,
Missouri,Ozark NSR,"1,316,795",7.80%,0,-100.00%,0,,"74,960",18.67%,"29,120",47.16%,"12,265",11.45%
Missouri,Ulysses S. Grant NHS,"15,236",-61.38%,0,,0,,0,,0,,0,
Missouri,Wilson's Creek NB,"287,260",23.37%,0,,0,,0,,0,,0,
Montana,Big Hole NB,"36,234",-20.99%,0,,0,,0,,0,,0,
Montana,Bighorn Canyon NRA,"114,638",-14.97%,0,,0,-100.00%,737,,"1,812",,0,
Montana,Glacier NP,"1,698,864",-44.30%,"34,029",-71.63%,0,,"18,635",-84.23%,"17,733",-85.94%,"16,596",-52.25%
Montana,Grant-Kohrs Ranch NHS,"15,328",-38.79%,0,,0,,0,,0,,0,
Montana,Little Bighorn Battlefield NM,"97,461",-59.61%,0,,0,,0,,0,,0,
Montana,Yellowstone NP,"1,941,215",-5.32%,0,,0,,0,,0,,"5,907",3.02%
Nebraska,Agate Fossil Beds NM,"8,722",-47.64%,0,,0,,0,,0,,0,
Nebraska,Homestead NM of America,"40,897",-33.65%,0,,0,,0,,0,,0,
Nebraska,Niobrara NSR,"102,766",68.99%,0,,0,,0,,0,,0,
Nebraska,Scotts Bluff NM,"181,900",9.57%,0,,0,,0,,0,,0,
Nevada,Death Valley NP,"10,830",,0,,0,,0,,0,,0,
Nevada,Great Basin NP,"120,248",-8.77%,0,,0,,"19,965",-3.71%,"15,827",-11.15%,239,397.92%
Nevada,Lake Mead NRA,"6,012,382",6.90%,"7,637",-76.36%,"152,378",31.92%,"35,980",-52.24%,"45,792",-52.24%,"23,620",-80.76%
New Hampshire,Saint-Gaudens NHP,"13,286",-58.17%,0,,0,,0,,0,,0,
New Jersey,Delaware Water Gap NRA,"2,888,656",20.55%,0,,0,,0,,0,,"10,692",-14.63%
New Jersey,Gateway NRA,"2,022,046",26.20%,0,,0,,0,-100.00%,0,,0,
New Jersey,Morristown NHP,"262,361",-3.31%,0,,0,,0,,0,,0,
New Jersey,Paterson Great Falls NHP,"339,768",22.67%,0,,0,,0,,0,,0,
New Jersey,Thomas Edison NHP,"7,605",-81.99%,0,,0,,0,,0,,0,
New Mexico,Aztec Ruins NM,"30,223",-52.61%,0,,0,,0,,0,,0,
New Mexico,Bandelier NM,"94,948",-52.70%,0,,0,,"1,836",-61.85%,"2,906",-53.31%,232,-60.34%
New Mexico,Capulin Volcano NM,"63,335",-22.40%,0,,0,,0,,0,,0,
New Mexico,Carlsbad Caverns NP,"183,835",-58.28%,0,,0,,0,,0,,116,-48.44%
New Mexico,Chaco Culture NHP,"8,231",-82.61%,0,,0,,218,-97.49%,554,-91.36%,0,
New Mexico,El Malpais NM,"139,336",-12.33%,0,,0,,0,,0,,0,
New Mexico,El Morro NM,"36,328",-47.25%,0,,0,,"1,263",-49.72%,941,-46.75%,0,
New Mexico,Fort Union NM,"5,334",-51.79%,0,,0,,0,,0,,0,
New Mexico,Gila Cliff Dwellings NM,"31,645",-52.49%,0,,0,,0,,0,,0,
New Mexico,Manhattan Project NHP,"1,517",-93.04%,0,,0,,0,,0,,0,
New Mexico,Pecos NHP,"36,695",-16.29%,0,,0,,0,,0,,0,
New Mexico,Petroglyph NM,"356,492",21.27%,0,,0,,0,,0,,0,
New Mexico,Salinas Pueblo Missions NM,"26,982",-14.81%,0,,0,,0,,0,,0,
New Mexico,Valles Caldera NPRES,"30,434",,0,,0,,0,,0,,218,
New Mexico,White Sands NP,"415,383",-31.77%,0,,0,,0,,0,,808,-80.96%
New York,African Burial Ground NM,"7,908",-83.33%,0,,0,,0,,0,,0,
New York,Castle Clinton NM,"633,793",-85.47%,0,,0,,0,,0,,0,
New York,Eleanor Roosevelt NHS,"9,575",-79.90%,0,,0,,0,,0,,0,
New York,Federal Hall NMEM,"13,822",-94.78%,0,,0,,0,,0,,0,
New York,Fire Island NS,"250,449",-36.00%,0,,"5,790",8.94%,0,,0,,"3,714",16.14%
New York,Fort Stanwix NM,"24,134",-75.22%,0,,0,,0,,0,,0,
New York,Gateway NRA,"6,382,680",-18.21%,0,,0,,0,-100.00%,0,-100.00%,0,
New York,General Grant NMEM,"24,475",-78.50%,0,,0,,0,,0,,0,
New York,Governors Island NM,"102,915",-82.59%,0,,0,,0,,0,,0,
New York,Hamilton Grange NMEM,"23,015",-67.70%,0,,0,,0,,0,,0,
New York,Home of Franklin D. Roosevelt NHS,"40,091",-72.75%,0,,0,,0,,0,,0,
New York,Martin Van Buren NHS,"11,480",-44.33%,0,,0,,0,,0,,0,
New York,Sagamore Hill NHS,"105,289",186.59%,0,,0,,0,,0,,0,
New York,Saint Paul's Church NHS,"5,968",-67.80%,0,,0,,0,,0,,0,
New York,Saratoga NHP,"73,825",-49.13%,0,,0,,0,,0,,0,
New York,Statue of Liberty NM,"576,396",-86.41%,0,,0,,0,,0,,0,
New York,Stonewall NM,0,-100.00%,0,,0,,0,,0,,0,
New York,Theodore Roosevelt Birthplace NHS,"4,984",-80.81%,0,,0,,0,,0,,0,
New York,Theodore Roosevelt Inaugural NHS,"5,098",-81.11%,0,,0,,0,,0,,0,
New York,Upper Delaware S&RR,"125,099",16.08%,0,,0,,0,,0,,0,
New York,Vanderbilt Mansion NHS,"217,231",-33.53%,0,,0,,0,,0,,0,
New York,Women's Rights NHP,"8,237",-78.91%,0,,0,,0,,0,,0,
North Carolina,Blue Ridge PKWY,"8,741,681",-5.85%,"14,332",-28.30%,0,,"19,866",-63.77%,"18,577",-47.27%,507,-26.63%
North Carolina,Cape Hatteras NS,"2,648,522",1.61%,0,,0,,"44,433",0.45%,"52,886",16.48%,0,
North Carolina,Cape Lookout NS,"488,331",7.20%,0,,0,,0,,0,,"4,526",103.05%
North Carolina,Carl Sandburg Home NHS,"42,672",-45.39%,0,,0,,0,,0,,0,
North Carolina,Fort Raleigh NHS,"153,519",-38.13%,0,,0,,0,,0,,0,
North Carolina,Great Smoky Mountains NP,"5,322,116",-3.60%,0,,0,,"53,106",6.37%,"41,833",13.62%,"39,552",-4.95%
North Carolina,Guilford Courthouse NMP,"186,020",-16.92%,0,,0,,0,,0,,0,
North Carolina,Moores Creek NB,"58,786",-23.66%,0,,0,,0,,0,,51,-80.53%
North Carolina,Wright Brothers NMEM,"277,963",-30.53%,0,,0,,0,,0,,0,
North Dakota,Fort Union Trading Post NHS,"5,225",-59.71%,0,,0,,0,,0,,0,
North Dakota,Knife River Indian Villages NHS,"5,263",-49.17%,0,,0,,0,,0,,0,
North Dakota,Theodore Roosevelt NP,"551,303",-20.29%,0,,0,,227,-98.65%,505,-97.54%,"2,591",252.52%
Ohio,Charles Young Buffalo Soldiers NM,"2,461",-82.55%,0,,0,,0,,0,,0,
Ohio,Cuyahoga Valley NP,"2,755,628",23.13%,"2,141",-72.47%,0,,0,,0,,0,
Ohio,Dayton Aviation Heritage NHP,"39,851",-57.92%,0,,0,,0,,0,,0,
Ohio,First Ladies NHS,"2,406",-77.95%,0,,0,,0,,0,,0,
Ohio,Hopewell Culture NHP,"35,710",-40.82%,0,,0,,0,,0,,0,
Ohio,James A. Garfield NHS,"14,797",-64.18%,0,,0,,0,,0,,0,
Ohio,Perry's Victory & Intl. Peace MEM,"40,469",-66.64%,0,,0,,0,,0,,0,
Ohio,William Howard Taft NHS,"11,100",-65.74%,0,,0,,0,,0,,0,
Oklahoma,Chickasaw NRA,"1,348,122",-5.24%,0,,0,,"42,548",-22.84%,"33,965",-27.95%,0,
Oklahoma,Washita Battlefield NHS,"12,520",37.30%,0,,0,,0,,0,,0,
Oregon,Crater Lake NP,"670,500",-4.83%,"24,491",-29.25%,"17,658",41.51%,0,-100.00%,0,,"3,135",28.69%
Oregon,John Day Fossil Beds NM,"88,571",-55.06%,0,,0,,0,,0,,0,
Oregon,Lewis & Clark NHP,"161,230",-40.50%,0,,0,,0,,0,,0,
Oregon,Oregon Caves NM & PRES,"22,789",-64.94%,0,,0,,0,,0,,0,
Pennsylvania,Allegheny Portage Railroad NHS,"136,029",-28.10%,0,,0,,0,,0,,0,
Pennsylvania,Delaware Water Gap NRA,"1,179,872",20.55%,0,,"8,482",12.99%,0,,0,,982,-43.30%
Pennsylvania,Edgar Allan Poe NHS,"2,418",-84.43%,0,,0,,0,,0,,0,
Pennsylvania,Eisenhower NHS,"7,926",-83.23%,0,,0,,0,,0,,0,
Pennsylvania,Flight 93 NMEM,"244,364",-40.58%,0,,0,,0,,0,,0,
Pennsylvania,Fort Necessity NB,"199,801",-35.98%,0,,0,,0,,0,,0,
Pennsylvania,Friendship Hill NHS,"19,462",-43.03%,0,,0,,0,,0,,0,
Pennsylvania,Gettysburg NMP,"536,553",-42.00%,0,,0,,0,,0,,0,
Pennsylvania,Hopewell Furnace NHS,"34,288",-31.23%,0,,0,,0,,0,,0,
Pennsylvania,Independence NHP,"907,090",-79.99%,0,,0,,0,,0,,0,
Pennsylvania,Johnstown Flood NMEM,"87,805",-52.06%,0,,0,,0,,0,,0,
Pennsylvania,Steamtown NHS,"27,322",-74.08%,0,,0,,0,,0,,0,
Pennsylvania,Thaddeus Kosciuszko NMEM,0,-100.00%,0,,0,,0,,0,,0,
Pennsylvania,Upper Delaware S&RR,"125,099",16.08%,0,,0,,0,,0,,0,
Pennsylvania,Valley Forge NHP,"2,012,832",-10.93%,0,,0,,0,,0,,0,
Puerto Rico,San Juan NHS,"357,100",-70.18%,0,,0,,0,,0,,0,
Rhode Island,Roger Williams NMEM,"13,971",-76.49%,0,,0,,0,,0,,0,
South Carolina,Charles Pinckney NHS,"23,723",-33.17%,0,,0,,0,,0,,0,
South Carolina,Congaree NP,"119,306",-25.17%,0,,0,,0,,0,,724,-17.82%
South Carolina,Cowpens NB,"226,903",1.56%,0,,0,,0,,0,,0,
South Carolina,Fort Sumter and Fort Moultrie NHP,"365,133",-58.41%,0,,0,,0,,0,,0,
South Carolina,Kings Mountain NMP,"249,477",-4.79%,0,,0,,0,,0,,7,-89.55%
South Carolina,Ninety Six NHS,"95,418",-1.93%,0,,0,,0,,0,,0,
South Dakota,Badlands NP,"916,932",-5.57%,"7,324",3.27%,"13,109",-33.86%,"3,739",7.13%,690,-25.81%,"4,514",81.07%
South Dakota,Jewel Cave NM,"35,878",-70.95%,0,,0,,0,,0,,0,
South Dakota,Minuteman Missile NHS,"98,908",-21.36%,0,,0,,0,,0,,0,
South Dakota,Missouri NRR,"111,602",-13.67%,0,,0,,0,,0,,0,
South Dakota,Mount Rushmore NMEM,"2,074,986",5.68%,0,,0,,0,,0,,0,
South Dakota,Wind Cave NP,"448,405",-27.13%,0,,0,,"2,576",-29.07%,"2,737",-26.33%,403,9.21%
Tennessee,Andrew Johnson NHS,"46,092",-9.96%,0,,0,,0,,0,,0,
Tennessee,Big South Fork NRRA,"455,850",2.95%,921,-47.40%,0,,"12,306",126.25%,"24,368",20.75%,"6,850",37.94%
Tennessee,Chickamauga & Chattanooga NMP,"339,208",-30.57%,0,,0,,0,,0,,0,
Tennessee,Fort Donelson NB,"325,496",27.93%,0,,0,,0,,0,,0,
Tennessee,Great Smoky Mountains NP,"6,773,604",-3.60%,"8,083",-26.22%,0,,"91,385",-13.37%,"73,734",-3.90%,"50,340",-4.94%
Tennessee,Manhattan Project NHP,"9,610",-68.10%,0,,0,,0,,0,,0,
Tennessee,Natchez Trace PKWY,"796,225",-2.72%,0,,0,,267,-87.71%,873,-76.42%,0,
Tennessee,Obed W&SR,"237,837",7.47%,0,,0,,"12,053",38.76%,0,,"2,059",586.33%
Tennessee,Shiloh NMP,"386,883",7.17%,0,,0,,0,,0,,0,
Tennessee,Stones River NB,"301,270",5.89%,0,,0,,0,,0,,0,
Texas,Alibates Flint Quarries NM,"4,269",-51.75%,0,,0,,0,,0,,0,
Texas,Amistad NRA,"1,424,139",12.32%,0,,0,,0,,"7,686",-24.59%,0,
Texas,Big Bend NP,"393,907",-15.08%,"15,534",-68.44%,"4,866",-61.44%,"32,197",-40.82%,"26,952",-6.56%,"28,219",21.01%
Texas,Big Thicket NPRES,"309,053",20.76%,0,,0,,0,,0,,"1,686",9.77%
Texas,Chamizal NMEM,"19,180",-49.83%,0,,0,,0,,0,,0,
Texas,Fort Davis NHS,"35,920",-30.92%,0,,0,,0,,0,,0,
Texas,Guadalupe Mountains NP,"151,256",-19.90%,0,,0,,"5,753",-45.83%,"5,024",-21.29%,"1,715",-39.57%
Texas,Lake Meredith NRA,"1,612,784",21.41%,0,,0,,"14,653",15.96%,"60,236",4.91%,0,
Texas,Lyndon B. Johnson NHP,"75,322",-32.73%,0,,0,,0,,0,,0,
Texas,Padre Island NS,"617,704",7.18%,0,,0,,"12,503",-37.52%,"28,303",-19.65%,"13,586",-0.11%
Texas,Palo Alto Battlefield NHP,"97,860",-34.64%,0,,0,,0,,0,,0,
Texas,Rio Grande W&SR,126,-61.11%,0,,0,,0,,0,,"1,183",-35.78%
Texas,San Antonio Missions NHP,"1,141,353",-10.91%,0,,0,,0,,0,,0,
Texas,Waco Mammoth NM,"46,457",-58.27%,0,,0,,0,,0,,0,
Utah,Arches NP,"1,238,083",-25.40%,0,,0,,"10,382",-40.75%,"10,621",-34.80%,34,-91.60%
Utah,Bryce Canyon NP,"1,464,655",-43.56%,"20,447",-61.10%,0,,"37,491",24.64%,"32,319",36.64%,"1,680",20.52%
Utah,Canyonlands NP,"493,914",-32.71%,0,,0,,"5,606",-38.63%,"4,413",-43.31%,"59,800",-23.03%
Utah,Capitol Reef NP,"981,038",-20.01%,0,,0,,"14,787",-42.38%,"16,005",-33.29%,"2,849",-28.95%
Utah,Cedar Breaks NM,"845,867",45.87%,0,,0,,"3,458",72.55%,"2,971",46.50%,0,
Utah,Dinosaur NM,"68,678",-11.65%,0,,0,,"5,892",-52.68%,"6,018",-62.99%,"5,165",-34.52%
Utah,Glen Canyon NRA,"2,195,589",-37.08%,"5,905",-22.24%,"6,639",-33.85%,257,-58.01%,226,39.51%,"15,300",-82.96%
Utah,Golden Spike NHP,"53,106",-50.90%,0,,0,,0,,0,,0,
Utah,Hovenweep NM,"11,118",-43.92%,0,,0,,295,-66.36%,721,-45.42%,0,
Utah,Natural Bridges NM,"52,542",-40.35%,0,,0,,"1,140",-63.18%,"1,607",-50.75%,0,
Utah,Rainbow Bridge NM,"3,573",-96.90%,0,,0,,0,,0,,0,
Utah,Timpanogos Cave NM,"92,481",-10.66%,0,,0,,0,,0,,0,
Utah,Zion NP,"3,591,254",-19.99%,"29,039",-64.86%,0,,"81,108",-31.43%,"61,792",-21.49%,"4,906",-73.22%
Vermont,Marsh-Billings-Rockefeller NHP,"23,538",-48.81%,0,,0,,0,,0,,0,
Virgin Islands,Buck Island Reef NM,"16,032",-56.77%,0,,0,,0,,0,,0,
Virgin Islands,Christiansted NHS,"23,816",-77.01%,0,,0,,0,,0,,0,
Virgin Islands,Salt River Bay NHP & Ecological Pres,"2,704",-48.15%,0,,0,,0,,0,,0,
Virgin Islands,Virgin Islands NP,"167,540",25.59%,0,,0,,0,,0,,0,
Virginia,Appomattox Court House NHP,"57,513",-43.83%,0,,0,,0,,0,,0,
Virginia,Arlington House The R.E. Lee MEM,0,,0,,0,,0,,0,,0,
Virginia,Assateague Island NS,"1,662,712",5.85%,0,,0,,0,,0,,138,-86.71%
Virginia,Blue Ridge PKWY,"5,357,803",-5.85%,"12,723",-57.88%,0,,"7,029",-39.15%,"3,886",-49.43%,202,-49.25%
Virginia,Booker T. Washington NM,"22,482",-8.76%,0,,0,,0,,0,,0,
Virginia,Colonial NHP,"2,946,594",-11.44%,0,,0,,0,,0,,0,
Virginia,Cumberland Gap NHP,"51,483",4.39%,0,,0,,262,13.42%,997,12.53%,80,110.53%
Virginia,Fredericksburg & Spotsylvania NMP,"838,835",-7.50%,0,,0,,0,,0,,0,
Virginia,George Washington Birthplace NM,"41,970",-69.95%,0,,0,,0,,0,,0,
Virginia,George Washington MEM PKWY,"6,237,361",-16.69%,0,,0,,0,,0,,0,
Virginia,LBJ Memorial Grove on the Potomac,"211,228",-13.52%,0,,0,,0,,0,,0,
Virginia,Maggie L. Walker NHS,"1,849",-80.74%,0,,0,,0,,0,,0,
Virginia,Manassas NBP,"558,036",9.33%,0,,0,,0,,0,,0,
Virginia,Petersburg NB,"152,878",-35.14%,0,,0,,0,,0,,0,
Virginia,Prince William Forest Park,"333,903",-1.70%,0,,"20,915",-30.63%,"11,233",-47.99%,535,-65.51%,295,-3.28%
Virginia,Richmond NBP,"179,598",-8.95%,0,,0,,0,,0,,0,
Virginia,Shenandoah NP,"1,666,265",16.89%,"26,939",-71.76%,0,,"109,455",-8.52%,"47,361",-20.83%,"52,905",63.33%
Virginia,Theodore Roosevelt Island,"153,598",1.38%,0,,0,,0,,0,,0,
Virginia,Wolf Trap NP for the Performing Arts,"30,073",-92.53%,0,,0,,0,,0,,0,
Washington,Fort Vancouver NHS,"670,111",-34.19%,0,,0,,0,,0,,0,
Washington,Klondike Gold Rush NHP Seattle,"13,003",-88.16%,0,,0,,0,,0,,0,
Washington,Lake Chelan NRA,"30,598",-21.11%,"6,665",-30.19%,0,,0,,0,,"5,329",-27.97%
Washington,Lake Roosevelt NRA,"1,519,403",11.82%,"3,300",21.50%,"1,023",-65.30%,"20,473",-34.80%,"18,790",-51.72%,"1,888",-28.73%
Washington,Manhattan Project NHP,265,-99.05%,0,,0,,0,,0,,0,
Washington,Minidoka NHS,"1,983",-73.10%,0,,0,,0,,0,,0,
Washington,Mount Rainier NP,"1,160,754",-22.70%,"5,550",-84.25%,0,,"38,099",-54.29%,"14,337",-52.85%,"30,983",-35.05%
Washington,North Cascades NP,"30,885",-19.17%,0,,0,,0,,0,,"22,966",-16.73%
Washington,Olympic NP,"2,499,177",-23.00%,"50,826",-33.32%,"9,830",-65.68%,"129,320",-3.90%,"66,034",-10.40%,"103,682",7.04%
Washington,Ross Lake NRA,"920,526",-15.43%,"3,623",-54.36%,0,,"43,144",8.91%,"12,999",-7.93%,"22,359",122.34%
Washington,San Juan Island NHP,"426,335",45.75%,0,,0,,0,,0,,0,
Washington,Whitman Mission NHS,"34,933",-27.94%,0,,0,,0,,0,,0,
West Virginia,Bluestone NSR,"25,207",-33.07%,0,,0,,0,,0,,0,
West Virginia,Gauley River NRA,"109,378",-8.30%,0,,0,,465,-88.12%,175,-88.14%,0,
West Virginia,Harpers Ferry NHP,"234,473",-21.73%,0,,0,,0,,0,,0,
West Virginia,New River Gorge NP & PRES,"1,054,374",-11.82%,0,,0,,815,-83.94%,250,-75.78%,0,
Wisconsin,Apostle Islands NL,"219,009",-8.98%,0,,0,,0,,0,,320,-95.69%
Wisconsin,Saint Croix NSR,"399,310",25.12%,0,,0,,0,,0,,"43,684",28.18%
Wyoming,Bighorn Canyon NRA,"97,655",-14.97%,0,,0,-100.00%,"2,001",18090.91%,"8,473",10762.82%,0,
Wyoming,Devils Tower NM,"423,997",-5.94%,0,,0,,0,-100.00%,0,-100.00%,0,
Wyoming,Fort Laramie NHS,"26,066",-39.23%,0,,0,,0,,0,,0,
Wyoming,Fossil Butte NM,"13,176",-35.90%,0,,0,,0,,0,,0,
Wyoming,Grand Teton NP,"3,289,638",-3.41%,"53,969",-74.89%,"314,398",0.72%,0,,0,,"40,249",10.90%
Wyoming,"John D. Rockefeller, Jr. MEM PKWY","1,373,817",-3.70%,"12,137",41.33%,"5,588",17.82%,0,,0,,0,
Wyoming,Yellowstone NP,"1,865,088",-5.32%,"148,443",-77.29%,"402,775",-15.14%,"19,731",-75.65%,"23,290",-70.99%,"33,457",2.94%